,count,unique,top,freq,mean,std,min,25%,50%,75%,max
Year,1500.0,,,,2014.43,4.068431486028031,2008.0,2011.0,2014.0,2018.0,2021.0
Age,1500.0,,,,7.57,4.0684314860280395,1.0,4.0,8.0,11.0,14.0
Mileage,1500.0,,,,54588.428,24436.370109536245,100.0,37404.75,54954.0,70970.0,129125.0
Brand,1500,5,Toyota,461,,,,,,,
EngineCC,1500.0,,,,1657.2666666666667,503.0598788580729,1000.0,1200.0,1500.0,2000.0,2500.0
Horsepower,1500.0,,,,98.68933333333334,30.93177442913856,35.0,71.0,98.0,120.0,174.0
FuelType,1500,3,Petrol,947,,,,,,,
Price,1500.0,,,,24393.683052074164,8607.474680703444,1928.9885240126387,18248.751579154687,23281.328124350046,29664.11015203611,57479.208962597884
